pptname,invariant,invariantType,variables,postmanAssertion,endpoint,tp,fp,enter,invariantDescription,Unnamed: 10,group,api
/projects/{id}/repository/compare&/projects/{id}/repository/compare&get&200&commits():::EXIT,LENGTH(return.authored_date)==29,daikon.inv.unary.string.FixedLengthString,(return.authored_date),pm.expect(return_authored_date).to.have.length(29),get+projects_{id}_repository_compare,1,,,Indicates that the value of a string variable always has a fixed length n. Represented as LENGTH(x)==n.,,commits.authored_date,GitLab Repository API
/projects/{id}/repository/compare&/projects/{id}/repository/compare&get&200&commits():::EXIT,return.authored_date is Timestamp. Format: YYYY-MM-DDTHH:MM:SS.mmZ (Miliseconds are optional),daikon.inv.unary.string.dates.IsTimestampYYYYMMHHThhmmssmm,(return.authored_date),"pm.expect(return_authored_date).to.match(/^[0-9]{4}-((0[13578]|1[02])-(0[1-9]|[12][0-9]|3[01])|(0[469]|11)-(0[1-9]|[12][0-9]|30)|(02)-(0[1-9]|[12][0-9]))T(0[0-9]|1[0-9]|2[0-3]):(0[0-9]|[1-5][0-9]):(0[0-9]|[1-5][0-9])(\.[0-9]{3}){0,1}(Z|(-|\+)(0[0-9]|1[0-9]|2[0-3]):[0-5][0-9])$/)",get+projects_{id}_repository_compare,1,,,Indicates that the value of a string variable is always a timestamp. Represented as x is Timestamp. Format: YYYY-MM-DDTHH:MM:SS.mmZ (Miliseconds are optional).,,commits.authored_date,GitLab Repository API
/projects/{id}/repository/compare&/projects/{id}/repository/compare&get&200&commits():::EXIT,return.committer_email is Email,daikon.inv.unary.string.IsEmail,(return.committer_email),"pm.expect(return_committer_email).to.match(/^(?:[A-Za-z0-9!#$%&'*+/=?^_`{|}~-]+(?:\.[A-Za-z0-9!#$%&'*+/=?^_`{|}~-]+)*|""(?:[\x01-\x08\x0b\x0c\x0e-\x1f\x21\x23-\x5b\x5d-\x7f]|\\[\x01-\x09\x0b\x0c\x0e-\x7f])*"")@(?:(?:[A-Za-z0-9](?:[A-Za-z0-9-]*[A-Za-z0-9])?\.)+[A-Za-z0-9](?:[A-Za-z0-9-]*[A-Za-z0-9])?|\[(?:(?:25[0-5]|2[0-4][0-9]|[01]?[0-9][0-9]?)\.){3}(?:25[0-5]|2[0-4][0-9]|[01]?[0-9]^[0-9]?|[A-Za-z0-9-]*[A-Za-z0-9]:(?:[\x01-\x08\x0b\x0c\x0e-\x1f\x21-\x5a\x53-\x7f]|\\[\x01-\x09\x0b\x0c\x0e-\x7f])+)\])$/)",get+projects_{id}_repository_compare,1,,,Indicates that a string variable consistently holds values that match the format of an email address.,,commits.committer_email,GitLab Repository API
/projects/{id}/repository/compare&/projects/{id}/repository/compare&get&200&commits():::EXIT,LENGTH(return.created_at)==29,daikon.inv.unary.string.FixedLengthString,(return.created_at),pm.expect(return_created_at).to.have.length(29),get+projects_{id}_repository_compare,1,,,Indicates that the value of a string variable always has a fixed length n. Represented as LENGTH(x)==n.,,commits.created_at,GitLab Repository API
/projects/{id}/repository/compare&/projects/{id}/repository/compare&get&200&commits():::EXIT,return.created_at is Timestamp. Format: YYYY-MM-DDTHH:MM:SS.mmZ (Miliseconds are optional),daikon.inv.unary.string.dates.IsTimestampYYYYMMHHThhmmssmm,(return.created_at),"pm.expect(return_created_at).to.match(/^[0-9]{4}-((0[13578]|1[02])-(0[1-9]|[12][0-9]|3[01])|(0[469]|11)-(0[1-9]|[12][0-9]|30)|(02)-(0[1-9]|[12][0-9]))T(0[0-9]|1[0-9]|2[0-3]):(0[0-9]|[1-5][0-9]):(0[0-9]|[1-5][0-9])(\.[0-9]{3}){0,1}(Z|(-|\+)(0[0-9]|1[0-9]|2[0-3]):[0-5][0-9])$/)",get+projects_{id}_repository_compare,1,,,Indicates that the value of a string variable is always a timestamp. Represented as x is Timestamp. Format: YYYY-MM-DDTHH:MM:SS.mmZ (Miliseconds are optional).,,commits.created_at,GitLab Repository API
/projects/{id}/repository/compare&/projects/{id}/repository/compare&get&200&commits():::EXIT,LENGTH(return.id)==40,daikon.inv.unary.string.FixedLengthString,(return.id),pm.expect(return_id).to.have.length(40),get+projects_{id}_repository_compare,1,,,Indicates that the value of a string variable always has a fixed length n. Represented as LENGTH(x)==n.,,commits.id,GitLab Repository API
/projects/{id}/repository/compare&/projects/{id}/repository/compare&get&200&commits():::EXIT,LENGTH(return.short_id)==8,daikon.inv.unary.string.FixedLengthString,(return.short_id),pm.expect(return_short_id).to.have.length(8),get+projects_{id}_repository_compare,1,,,Indicates that the value of a string variable always has a fixed length n. Represented as LENGTH(x)==n.,,commits.short_id,GitLab Repository API
/projects/{id}/repository/compare&/projects/{id}/repository/compare&get&200&commits():::EXIT,All the elements of return.parent_ids[] have LENGTH=40,daikon.inv.unary.stringsequence.SequenceFixedLengthString,(return.parent_ids[..]),pm.expect(return_parent_ids_array.every(element => element.length === 40)).to.be.true,get+projects_{id}_repository_compare,1,,,Indicates that all the elements of an array of strings have a fixed length n. Represented as All the elements of x have LENGTH=n.,,commits.parent_ids,GitLab Repository API
/projects/{id}/repository/compare&/projects/{id}/repository/compare&get&200&commits():::EXIT,"size(return.parent_ids[]) one of { 0, 1, 2 }",daikon.inv.unary.scalar.OneOfScalar,(size(return.parent_ids[..])),"pm.expect([0, 1, 2].includes(return_parent_ids_size_array)).to.be.true",get+projects_{id}_repository_compare,1,,,"Represents long variables that take on only a few distinct values. Prints as either x == c (when there is only one value) or as x one of {c1, c2, c3} (when there are multiple values).",,commits.parent_ids,GitLab Repository API
/projects/{id}/repository/compare&/projects/{id}/repository/compare&get&200&commits():::EXIT,return.short_id is a substring of return.id,daikon.inv.binary.twoString.StdString$SubString,"(return.id, return.short_id)",pm.expect(return_id.includes(return_short_id)).to.be.true,get+projects_{id}_repository_compare,1,,,Represents the substring invariant between two String scalars. Prints as x is a substring of y.,,commits.id,GitLab Repository API
/projects/{id}/repository/compare&/projects/{id}/repository/compare&get&200&commits():::EXIT,return.title is a substring of return.message,daikon.inv.binary.twoString.StdString$SubString,"(return.message, return.title)",pm.expect(return_message.includes(return_title)).to.be.true,get+projects_{id}_repository_compare,1,,,Represents the substring invariant between two String scalars. Prints as x is a substring of y.,,commits.message,GitLab Repository API
/projects/{id}/repository/compare&/projects/{id}/repository/compare&get&200():::EXIT,LENGTH(return.commit.authored_date)==29,daikon.inv.unary.string.FixedLengthString,(return.commit.authored_date),pm.expect(return_commit_authored_date).to.have.length(29),get+projects_{id}_repository_compare,1,,,Indicates that the value of a string variable always has a fixed length n. Represented as LENGTH(x)==n.,,commit.authored_date,GitLab Repository API
/projects/{id}/repository/compare&/projects/{id}/repository/compare&get&200():::EXIT,return.commit.authored_date is Timestamp. Format: YYYY-MM-DDTHH:MM:SS.mmZ (Miliseconds are optional),daikon.inv.unary.string.dates.IsTimestampYYYYMMHHThhmmssmm,(return.commit.authored_date),"pm.expect(return_commit_authored_date).to.match(/^[0-9]{4}-((0[13578]|1[02])-(0[1-9]|[12][0-9]|3[01])|(0[469]|11)-(0[1-9]|[12][0-9]|30)|(02)-(0[1-9]|[12][0-9]))T(0[0-9]|1[0-9]|2[0-3]):(0[0-9]|[1-5][0-9]):(0[0-9]|[1-5][0-9])(\.[0-9]{3}){0,1}(Z|(-|\+)(0[0-9]|1[0-9]|2[0-3]):[0-5][0-9])$/)",get+projects_{id}_repository_compare,1,,,Indicates that the value of a string variable is always a timestamp. Represented as x is Timestamp. Format: YYYY-MM-DDTHH:MM:SS.mmZ (Miliseconds are optional).,,commit.authored_date,GitLab Repository API
/projects/{id}/repository/compare&/projects/{id}/repository/compare&get&200():::EXIT,return.commit.committer_email is Email,daikon.inv.unary.string.IsEmail,(return.commit.committer_email),"pm.expect(return_commit_committer_email).to.match(/^(?:[A-Za-z0-9!#$%&'*+/=?^_`{|}~-]+(?:\.[A-Za-z0-9!#$%&'*+/=?^_`{|}~-]+)*|""(?:[\x01-\x08\x0b\x0c\x0e-\x1f\x21\x23-\x5b\x5d-\x7f]|\\[\x01-\x09\x0b\x0c\x0e-\x7f])*"")@(?:(?:[A-Za-z0-9](?:[A-Za-z0-9-]*[A-Za-z0-9])?\.)+[A-Za-z0-9](?:[A-Za-z0-9-]*[A-Za-z0-9])?|\[(?:(?:25[0-5]|2[0-4][0-9]|[01]?[0-9][0-9]?)\.){3}(?:25[0-5]|2[0-4][0-9]|[01]?[0-9]^[0-9]?|[A-Za-z0-9-]*[A-Za-z0-9]:(?:[\x01-\x08\x0b\x0c\x0e-\x1f\x21-\x5a\x53-\x7f]|\\[\x01-\x09\x0b\x0c\x0e-\x7f])+)\])$/)",get+projects_{id}_repository_compare,1,,,Indicates that a string variable consistently holds values that match the format of an email address.,,commit.committer_email,GitLab Repository API
/projects/{id}/repository/compare&/projects/{id}/repository/compare&get&200():::EXIT,LENGTH(return.commit.created_at)==29,daikon.inv.unary.string.FixedLengthString,(return.commit.created_at),pm.expect(return_commit_created_at).to.have.length(29),get+projects_{id}_repository_compare,1,,,Indicates that the value of a string variable always has a fixed length n. Represented as LENGTH(x)==n.,,commit.created_at,GitLab Repository API
/projects/{id}/repository/compare&/projects/{id}/repository/compare&get&200():::EXIT,return.commit.created_at is Timestamp. Format: YYYY-MM-DDTHH:MM:SS.mmZ (Miliseconds are optional),daikon.inv.unary.string.dates.IsTimestampYYYYMMHHThhmmssmm,(return.commit.created_at),"pm.expect(return_commit_created_at).to.match(/^[0-9]{4}-((0[13578]|1[02])-(0[1-9]|[12][0-9]|3[01])|(0[469]|11)-(0[1-9]|[12][0-9]|30)|(02)-(0[1-9]|[12][0-9]))T(0[0-9]|1[0-9]|2[0-3]):(0[0-9]|[1-5][0-9]):(0[0-9]|[1-5][0-9])(\.[0-9]{3}){0,1}(Z|(-|\+)(0[0-9]|1[0-9]|2[0-3]):[0-5][0-9])$/)",get+projects_{id}_repository_compare,1,,,Indicates that the value of a string variable is always a timestamp. Represented as x is Timestamp. Format: YYYY-MM-DDTHH:MM:SS.mmZ (Miliseconds are optional).,,commit.created_at,GitLab Repository API
/projects/{id}/repository/compare&/projects/{id}/repository/compare&get&200():::EXIT,LENGTH(return.commit.id)==40,daikon.inv.unary.string.FixedLengthString,(return.commit.id),pm.expect(return_commit_id).to.have.length(40),get+projects_{id}_repository_compare,1,,,Indicates that the value of a string variable always has a fixed length n. Represented as LENGTH(x)==n.,,commit.id,GitLab Repository API
/projects/{id}/repository/compare&/projects/{id}/repository/compare&get&200():::EXIT,LENGTH(return.commit.short_id)==8,daikon.inv.unary.string.FixedLengthString,(return.commit.short_id),pm.expect(return_commit_short_id).to.have.length(8),get+projects_{id}_repository_compare,1,,,Indicates that the value of a string variable always has a fixed length n. Represented as LENGTH(x)==n.,,commit.short_id,GitLab Repository API
/projects/{id}/repository/compare&/projects/{id}/repository/compare&get&200():::EXIT,All the elements of return.commit.parent_ids[] have LENGTH=40,daikon.inv.unary.stringsequence.SequenceFixedLengthString,(return.commit.parent_ids[..]),pm.expect(return_commit_parent_ids_array.every(element => element.length === 40)).to.be.true,get+projects_{id}_repository_compare,1,,,Indicates that all the elements of an array of strings have a fixed length n. Represented as All the elements of x have LENGTH=n.,,commit.parent_ids,GitLab Repository API
/projects/{id}/repository/compare&/projects/{id}/repository/compare&get&200():::EXIT,"return.compare_same_ref one of { ""false"", ""true"" }",daikon.inv.unary.string.OneOfString,(return.compare_same_ref),"pm.expect([""false"", ""true""].includes(return_compare_same_ref)).to.be.true",get+projects_{id}_repository_compare,1,,,"Represents String variables that take on only a few distinct values. Prints as either x == c (when there is only one value) or as x one of {c1, c2, c3} (when there are multiple values).",,compare_same_ref,GitLab Repository API
/projects/{id}/repository/compare&/projects/{id}/repository/compare&get&200():::EXIT,"return.compare_timeout one of { ""false"", ""true"" }",daikon.inv.unary.string.OneOfString,(return.compare_timeout),"pm.expect([""false"", ""true""].includes(return_compare_timeout)).to.be.true",get+projects_{id}_repository_compare,1,,,"Represents String variables that take on only a few distinct values. Prints as either x == c (when there is only one value) or as x one of {c1, c2, c3} (when there are multiple values).",,compare_timeout,GitLab Repository API
/projects/{id}/repository/compare&/projects/{id}/repository/compare&get&200():::EXIT,"size(return.commit.parent_ids[]) one of { 1, 2 }",daikon.inv.unary.scalar.OneOfScalar,(size(return.commit.parent_ids[..])),"pm.expect([1, 2, 0].includes(return_commit_parent_ids_size_array)).to.be.true",get+projects_{id}_repository_compare,1,,,"Represents long variables that take on only a few distinct values. Prints as either x == c (when there is only one value) or as x one of {c1, c2, c3} (when there are multiple values).",,commit.parent_ids,GitLab Repository API
/projects/{id}/repository/compare&/projects/{id}/repository/compare&get&200():::EXIT,return.commit.short_id is a substring of return.commit.id,daikon.inv.binary.twoString.StdString$SubString,"(return.commit.id, return.commit.short_id)",pm.expect(return_commit_id.includes(return_commit_short_id)).to.be.true,get+projects_{id}_repository_compare,1,,,Represents the substring invariant between two String scalars. Prints as x is a substring of y.,,commit.id,GitLab Repository API
/projects/{id}/repository/compare&/projects/{id}/repository/compare&get&200():::EXIT,return.commit.title is a substring of return.commit.message,daikon.inv.binary.twoString.StdString$SubString,"(return.commit.message, return.commit.title)",pm.expect(return_commit_message.includes(return_commit_title)).to.be.true,get+projects_{id}_repository_compare,1,,,Represents the substring invariant between two String scalars. Prints as x is a substring of y.,,commit.message,GitLab Repository API
/projects/{id}/repository/contributors&/projects/{id}/repository/contributors&get&200():::EXIT,return.additions is Numeric,daikon.inv.unary.string.IsNumeric,(return.additions),"pm.expect(return_additions).to.match(/^[+-]{0,1}(0|([0-9](\d*|\d{0,2}(,\d{3})*)))?(\.\d*[0-9])?$/)",get+projects_{id}_repository_contributors,1,,,Indicates that the characters of a string variable are always numeric. Represented as x is Numeric.,,additions,GitLab Repository API
/projects/{id}/repository/contributors&/projects/{id}/repository/contributors&get&200():::EXIT,return.commits is Numeric,daikon.inv.unary.string.IsNumeric,(return.commits),"pm.expect(return_commits).to.match(/^[+-]{0,1}(0|([0-9](\d*|\d{0,2}(,\d{3})*)))?(\.\d*[0-9])?$/)",get+projects_{id}_repository_contributors,1,,,Indicates that the characters of a string variable are always numeric. Represented as x is Numeric.,,commits,GitLab Repository API
/projects/{id}/repository/merge_base&/projects/{id}/repository/merge_base&get&200():::EXIT,return.committed_date == return.created_at,daikon.inv.binary.twoString.StringEqual,"(return.committed_date, return.created_at)",pm.expect(return_committed_date).to.eql(return_created_at),get+projects_{id}_repository_merge_base,1,,,Represents an invariant of == between two String scalars. Prints as x == y.,,committed_date,GitLab Repository API
/projects/{id}/repository/merge_base&/projects/{id}/repository/merge_base&get&200():::EXIT,LENGTH(return.authored_date)==29,daikon.inv.unary.string.FixedLengthString,(return.authored_date),pm.expect(return_authored_date).to.have.length(29),get+projects_{id}_repository_merge_base,1,,,Indicates that the value of a string variable always has a fixed length n. Represented as LENGTH(x)==n.,,authored_date,GitLab Repository API
/projects/{id}/repository/merge_base&/projects/{id}/repository/merge_base&get&200():::EXIT,return.authored_date is Timestamp. Format: YYYY-MM-DDTHH:MM:SS.mmZ (Miliseconds are optional),daikon.inv.unary.string.dates.IsTimestampYYYYMMHHThhmmssmm,(return.authored_date),"pm.expect(return_authored_date).to.match(/^[0-9]{4}-((0[13578]|1[02])-(0[1-9]|[12][0-9]|3[01])|(0[469]|11)-(0[1-9]|[12][0-9]|30)|(02)-(0[1-9]|[12][0-9]))T(0[0-9]|1[0-9]|2[0-3]):(0[0-9]|[1-5][0-9]):(0[0-9]|[1-5][0-9])(\.[0-9]{3}){0,1}(Z|(-|\+)(0[0-9]|1[0-9]|2[0-3]):[0-5][0-9])$/)",get+projects_{id}_repository_merge_base,1,,,Indicates that the value of a string variable is always a timestamp. Represented as x is Timestamp. Format: YYYY-MM-DDTHH:MM:SS.mmZ (Miliseconds are optional).,,authored_date,GitLab Repository API
/projects/{id}/repository/merge_base&/projects/{id}/repository/merge_base&get&200():::EXIT,LENGTH(return.committed_date)==29,daikon.inv.unary.string.FixedLengthString,(return.committed_date),pm.expect(return_committed_date).to.have.length(29),get+projects_{id}_repository_merge_base,1,,,Indicates that the value of a string variable always has a fixed length n. Represented as LENGTH(x)==n.,,committed_date,GitLab Repository API
/projects/{id}/repository/merge_base&/projects/{id}/repository/merge_base&get&200():::EXIT,return.committed_date is Timestamp. Format: YYYY-MM-DDTHH:MM:SS.mmZ (Miliseconds are optional),daikon.inv.unary.string.dates.IsTimestampYYYYMMHHThhmmssmm,(return.committed_date),"pm.expect(return_committed_date).to.match(/^[0-9]{4}-((0[13578]|1[02])-(0[1-9]|[12][0-9]|3[01])|(0[469]|11)-(0[1-9]|[12][0-9]|30)|(02)-(0[1-9]|[12][0-9]))T(0[0-9]|1[0-9]|2[0-3]):(0[0-9]|[1-5][0-9]):(0[0-9]|[1-5][0-9])(\.[0-9]{3}){0,1}(Z|(-|\+)(0[0-9]|1[0-9]|2[0-3]):[0-5][0-9])$/)",get+projects_{id}_repository_merge_base,1,,,Indicates that the value of a string variable is always a timestamp. Represented as x is Timestamp. Format: YYYY-MM-DDTHH:MM:SS.mmZ (Miliseconds are optional).,,committed_date,GitLab Repository API
/projects/{id}/repository/merge_base&/projects/{id}/repository/merge_base&get&200():::EXIT,return.committer_email is Email,daikon.inv.unary.string.IsEmail,(return.committer_email),"pm.expect(return_committer_email).to.match(/^(?:[A-Za-z0-9!#$%&'*+/=?^_`{|}~-]+(?:\.[A-Za-z0-9!#$%&'*+/=?^_`{|}~-]+)*|""(?:[\x01-\x08\x0b\x0c\x0e-\x1f\x21\x23-\x5b\x5d-\x7f]|\\[\x01-\x09\x0b\x0c\x0e-\x7f])*"")@(?:(?:[A-Za-z0-9](?:[A-Za-z0-9-]*[A-Za-z0-9])?\.)+[A-Za-z0-9](?:[A-Za-z0-9-]*[A-Za-z0-9])?|\[(?:(?:25[0-5]|2[0-4][0-9]|[01]?[0-9][0-9]?)\.){3}(?:25[0-5]|2[0-4][0-9]|[01]?[0-9]^[0-9]?|[A-Za-z0-9-]*[A-Za-z0-9]:(?:[\x01-\x08\x0b\x0c\x0e-\x1f\x21-\x5a\x53-\x7f]|\\[\x01-\x09\x0b\x0c\x0e-\x7f])+)\])$/)",get+projects_{id}_repository_merge_base,1,,,Indicates that a string variable consistently holds values that match the format of an email address.,,committer_email,GitLab Repository API
/projects/{id}/repository/merge_base&/projects/{id}/repository/merge_base&get&200():::EXIT,LENGTH(return.id)==40,daikon.inv.unary.string.FixedLengthString,(return.id),pm.expect(return_id).to.have.length(40),get+projects_{id}_repository_merge_base,1,,,Indicates that the value of a string variable always has a fixed length n. Represented as LENGTH(x)==n.,,id,GitLab Repository API
/projects/{id}/repository/merge_base&/projects/{id}/repository/merge_base&get&200():::EXIT,All the elements of return.parent_ids[] have LENGTH=40,daikon.inv.unary.stringsequence.SequenceFixedLengthString,(return.parent_ids[..]),pm.expect(return_parent_ids_array.every(element => element.length === 40)).to.be.true,get+projects_{id}_repository_merge_base,1,,,Indicates that all the elements of an array of strings have a fixed length n. Represented as All the elements of x have LENGTH=n.,,parent_ids,GitLab Repository API
/projects/{id}/repository/merge_base&/projects/{id}/repository/merge_base&get&200():::EXIT,LENGTH(return.short_id)==8,daikon.inv.unary.string.FixedLengthString,(return.short_id),pm.expect(return_short_id).to.have.length(8),get+projects_{id}_repository_merge_base,1,,,Indicates that the value of a string variable always has a fixed length n. Represented as LENGTH(x)==n.,,short_id,GitLab Repository API
/projects/{id}/repository/merge_base&/projects/{id}/repository/merge_base&get&200():::EXIT,"size(return.parent_ids[]) one of { 0, 1, 2 }",daikon.inv.unary.scalar.OneOfScalar,(size(return.parent_ids[..])),"pm.expect([0, 1, 2].includes(return_parent_ids_size_array)).to.be.true",get+projects_{id}_repository_merge_base,1,,,"Represents long variables that take on only a few distinct values. Prints as either x == c (when there is only one value) or as x one of {c1, c2, c3} (when there are multiple values).",,parent_ids,GitLab Repository API
/projects/{id}/repository/merge_base&/projects/{id}/repository/merge_base&get&200():::EXIT,return.short_id is a substring of return.id,daikon.inv.binary.twoString.StdString$SubString,"(return.id, return.short_id)",pm.expect(return_id.includes(return_short_id)).to.be.true,get+projects_{id}_repository_merge_base,1,,,Represents the substring invariant between two String scalars. Prints as x is a substring of y.,,id,GitLab Repository API
/projects/{id}/repository/merge_base&/projects/{id}/repository/merge_base&get&200():::EXIT,return.title is a substring of return.message,daikon.inv.binary.twoString.StdString$SubString,"(return.message, return.title)",pm.expect(return_message.includes(return_title)).to.be.true,get+projects_{id}_repository_merge_base,1,,,Represents the substring invariant between two String scalars. Prints as x is a substring of y.,,message,GitLab Repository API
/projects/{id}/repository/merge_base&/projects/{id}/repository/merge_base&get&200():::EXIT,size(input.refs[]) >= size(return.parent_ids[]),daikon.inv.binary.twoScalar.IntGreaterEqual,"(size(input.refs[..]), size(return.parent_ids[..]))",pm.expect(input_refs_size_array).to.be.at.least(return_parent_ids_size_array),get+projects_{id}_repository_merge_base,1,,,Represents an invariant of >= between two long scalars. Prints as x >= y.,,parent_ids,GitLab Repository API
/projects/{id}/repository/tree&/projects/{id}/repository/tree&get&200%array():::EXIT,input.per_page >= size(return.array[]),daikon.inv.binary.twoScalar.IntGreaterEqual,"(input.per_page, size(return.array[..]))",pm.expect(input_per_page).to.be.at.least(return_array_size_array),get+projects_{id}_repository_tree,1,,,Represents an invariant of >= between two long scalars. Prints as x >= y.,,array,GitLab Repository API
/projects/{id}/repository/tree&/projects/{id}/repository/tree&get&200():::EXIT,LENGTH(return.id)==40,daikon.inv.unary.string.FixedLengthString,(return.id),pm.expect(return_id).to.have.length(40),get+projects_{id}_repository_tree,1,,,Indicates that the value of a string variable always has a fixed length n. Represented as LENGTH(x)==n.,,id,GitLab Repository API
/projects/{id}/repository/tree&/projects/{id}/repository/tree&get&200():::EXIT,LENGTH(return.mode)==6,daikon.inv.unary.string.FixedLengthString,(return.mode),pm.expect(return_mode).to.have.length(6),get+projects_{id}_repository_tree,1,,,Indicates that the value of a string variable always has a fixed length n. Represented as LENGTH(x)==n.,,mode,GitLab Repository API
/projects/{id}/repository/tree&/projects/{id}/repository/tree&get&200():::EXIT,return.mode is Numeric,daikon.inv.unary.string.IsNumeric,(return.mode),"pm.expect(return_mode).to.match(/^[+-]{0,1}(0|([0-9](\d*|\d{0,2}(,\d{3})*)))?(\.\d*[0-9])?$/)",get+projects_{id}_repository_tree,1,,,Indicates that the characters of a string variable are always numeric. Represented as x is Numeric.,,mode,GitLab Repository API
/projects/{id}/repository/tree&/projects/{id}/repository/tree&get&200():::EXIT,"return.type one of { ""blob"", ""tree"" }",daikon.inv.unary.string.OneOfString,(return.type),"pm.expect([""blob"", ""tree""].includes(return_type)).to.be.true",get+projects_{id}_repository_tree,1,,,"Represents String variables that take on only a few distinct values. Prints as either x == c (when there is only one value) or as x one of {c1, c2, c3} (when there are multiple values).",,type,GitLab Repository API
/projects/{id}/repository/tree&/projects/{id}/repository/tree&get&200():::EXIT,LENGTH(return.type)==4,daikon.inv.unary.string.FixedLengthString,(return.type),pm.expect(return_type).to.have.length(4),get+projects_{id}_repository_tree,1,,,Indicates that the value of a string variable always has a fixed length n. Represented as LENGTH(x)==n.,,type,GitLab Repository API
/projects/{id}/repository/tree&/projects/{id}/repository/tree&get&200():::EXIT,return.name is a substring of return.path,daikon.inv.binary.twoString.StdString$SubString,"(return.name, return.path)",pm.expect(return_path.includes(return_name)).to.be.true,get+projects_{id}_repository_tree,1,,,Represents the substring invariant between two String scalars. Prints as x is a substring of y.,,name,GitLab Repository API
/projects&/projects&get&200():::EXIT,input.archived == return.archived,daikon.inv.binary.twoScalar.IntEqual,"(input.archived, return.archived)",pm.expect(input_archived).to.eql(return_archived),get+projects,1,,,Represents an invariant of == between two long scalars. Prints as x == y.,,archived,GitLab Repository API
/projects&/projects&get&200():::EXIT,input.visibility == return.visibility,daikon.inv.binary.twoString.StringEqual,"(input.visibility, return.visibility)",pm.expect(input_visibility).to.eql(return_visibility),get+projects,1,,,Represents an invariant of == between two String scalars. Prints as x == y.,,visibility,GitLab Repository API
/projects&/projects&get&200():::EXIT,return.owner.name == return.namespace.name,daikon.inv.binary.twoString.StringEqual,"(return.owner.name, return.namespace.name)",pm.expect(return_owner_name).to.eql(return_namespace_name),get+projects,1,,,Represents an invariant of == between two String scalars. Prints as x == y.,,owner.name,GitLab Repository API
/projects&/projects&get&200():::EXIT,return.permissions.project_access.access_level == return.permissions.group_access.access_level,daikon.inv.binary.twoScalar.IntEqual,"(return.permissions.project_access.access_level, return.permissions.group_access.access_level)",pm.expect(return_permissions_project_access_access_level).to.eql(return_permissions_group_access_access_level),get+projects,1,,,Represents an invariant of == between two long scalars. Prints as x == y.,,permissions.project_access.access_level,GitLab Repository API
/projects&/projects&get&200():::EXIT,return.permissions.project_access.notification_level == return.permissions.group_access.notification_level,daikon.inv.binary.twoScalar.IntEqual,"(return.permissions.project_access.notification_level, return.permissions.group_access.notification_level)",pm.expect(return_permissions_project_access_notification_level).to.eql(return_permissions_group_access_notification_level),get+projects,1,,,Represents an invariant of == between two long scalars. Prints as x == y.,,permissions.project_access.notification_level,GitLab Repository API
/projects&/projects&get&200():::EXIT,"return.visibility one of { ""internal"", ""private"", ""public"" }",daikon.inv.unary.string.OneOfString,(return.visibility),"pm.expect([""internal"", ""private"", ""public""].includes(return_visibility)).to.be.true",get+projects,1,,,"Represents String variables that take on only a few distinct values. Prints as either x == c (when there is only one value) or as x one of {c1, c2, c3} (when there are multiple values).",,visibility,GitLab Repository API
/projects&/projects&get&200():::EXIT,return.owner.id >= 1,daikon.inv.unary.scalar.LowerBound,(return.owner.id),pm.expect(return_owner_id).to.be.at.least(1),get+projects,1,,,"Represents the invariant x >= c, where c is a constant and x is a long scalar.",,owner.id,GitLab Repository API
/projects&/projects&get&200():::EXIT,return.open_issues_count >= 0,daikon.inv.unary.scalar.LowerBound,(return.open_issues_count),pm.expect(return_open_issues_count).to.be.at.least(0),get+projects,1,,,"Represents the invariant x >= c, where c is a constant and x is a long scalar.",,open_issues_count,GitLab Repository API
/projects&/projects&get&200():::EXIT,LENGTH(return.created_at)==24,daikon.inv.unary.string.FixedLengthString,(return.created_at),pm.expect(return_created_at).to.have.length(24),get+projects,1,,,Indicates that the value of a string variable always has a fixed length n. Represented as LENGTH(x)==n.,,created_at,GitLab Repository API
/projects&/projects&get&200():::EXIT,return.created_at is Timestamp. Format: YYYY-MM-DDTHH:MM:SS.mmZ (Miliseconds are optional),daikon.inv.unary.string.dates.IsTimestampYYYYMMHHThhmmssmm,(return.created_at),"pm.expect(return_created_at).to.match(/^[0-9]{4}-((0[13578]|1[02])-(0[1-9]|[12][0-9]|3[01])|(0[469]|11)-(0[1-9]|[12][0-9]|30)|(02)-(0[1-9]|[12][0-9]))T(0[0-9]|1[0-9]|2[0-3]):(0[0-9]|[1-5][0-9]):(0[0-9]|[1-5][0-9])(\.[0-9]{3}){0,1}(Z|(-|\+)(0[0-9]|1[0-9]|2[0-3]):[0-5][0-9])$/)",get+projects,1,,,Indicates that the value of a string variable is always a timestamp. Represented as x is Timestamp. Format: YYYY-MM-DDTHH:MM:SS.mmZ (Miliseconds are optional).,,created_at,GitLab Repository API
/projects&/projects&get&200():::EXIT,LENGTH(return.last_activity_at)==24,daikon.inv.unary.string.FixedLengthString,(return.last_activity_at),pm.expect(return_last_activity_at).to.have.length(24),get+projects,1,,,Indicates that the value of a string variable always has a fixed length n. Represented as LENGTH(x)==n.,,last_activity_at,GitLab Repository API
/projects&/projects&get&200():::EXIT,return.last_activity_at is Timestamp. Format: YYYY-MM-DDTHH:MM:SS.mmZ (Miliseconds are optional),daikon.inv.unary.string.dates.IsTimestampYYYYMMHHThhmmssmm,(return.last_activity_at),"pm.expect(return_last_activity_at).to.match(/^[0-9]{4}-((0[13578]|1[02])-(0[1-9]|[12][0-9]|3[01])|(0[469]|11)-(0[1-9]|[12][0-9]|30)|(02)-(0[1-9]|[12][0-9]))T(0[0-9]|1[0-9]|2[0-3]):(0[0-9]|[1-5][0-9]):(0[0-9]|[1-5][0-9])(\.[0-9]{3}){0,1}(Z|(-|\+)(0[0-9]|1[0-9]|2[0-3]):[0-5][0-9])$/)",get+projects,1,,,Indicates that the value of a string variable is always a timestamp. Represented as x is Timestamp. Format: YYYY-MM-DDTHH:MM:SS.mmZ (Miliseconds are optional).,,last_activity_at,GitLab Repository API
/projects&/projects&get&200():::EXIT,return.creator_id >= 1,daikon.inv.unary.scalar.LowerBound,(return.creator_id),pm.expect(return_creator_id).to.be.at.least(1),get+projects,1,,,"Represents the invariant x >= c, where c is a constant and x is a long scalar.",,creator_id,GitLab Repository API
/projects&/projects&get&200():::EXIT,return.namespace.id >= 1,daikon.inv.unary.scalar.LowerBound,(return.namespace.id),pm.expect(return_namespace_id).to.be.at.least(1),get+projects,1,,,"Represents the invariant x >= c, where c is a constant and x is a long scalar.",,namespace.id,GitLab Repository API
/projects&/projects&get&200():::EXIT,"return.namespace.kind one of { ""group"", ""user"" }",daikon.inv.unary.string.OneOfString,(return.namespace.kind),"pm.expect([""group"", ""user""].includes(return_namespace_kind)).to.be.true",get+projects,1,,,"Represents String variables that take on only a few distinct values. Prints as either x == c (when there is only one value) or as x one of {c1, c2, c3} (when there are multiple values).",,namespace.kind,GitLab Repository API
/projects&/projects&get&200():::EXIT,return.permissions.project_access.notification_level == 3,daikon.inv.unary.scalar.OneOfScalar,(return.permissions.project_access.notification_level),pm.expect([3].includes(return_permissions_project_access_notification_level)).to.be.true,get+projects,1,,,"Represents long variables that take on only a few distinct values. Prints as either x == c (when there is only one value) or as x one of {c1, c2, c3} (when there are multiple values).",,permissions.project_access.notification_level,GitLab Repository API
/projects&/projects&get&200():::EXIT,return.permissions.group_access.notification_level == 3,daikon.inv.unary.scalar.OneOfScalar,(return.permissions.group_access.notification_level),pm.expect([3].includes(return_permissions_group_access_notification_level)).to.be.true,get+projects,1,,,"Represents long variables that take on only a few distinct values. Prints as either x == c (when there is only one value) or as x one of {c1, c2, c3} (when there are multiple values).",,permissions.group_access.notification_level,GitLab Repository API
/projects&/projects&get&200():::EXIT,return.avatar_url is Url,daikon.inv.unary.string.IsUrl,(return.avatar_url),"pm.expect(return_avatar_url).to.match(/^(?:(?:https?|ftp):\/\/)(?:\S+(?::\S*)?@)?(?:(?!10(?:\.\d{1,3}){3})(?!127(?:\.\d{1,3}){3})(?!169\.254(?:\.\d{1,3}){2})(?!192\.168(?:\.\d{1,3}){2})(?!172\.(?:1[6-9]|2\d|3[0-1])(?:\.\d{1,3}){2})(?:[1-9]\d?|1\d\d|2[01]\d|22[0-3])(?:\.(?:1?\d{1,2}|2[0-4]\d|25[0-5])){2}(?:\.(?:[1-9]\d?|1\d\d|2[0-4]\d|25[0-4]))|(?:(?:[\w\u00a1-\uffff0-9]+-?)*[\w\u00a1-\uffff0-9]+)(?:\.(?:[\w\u00a1-\uffff0-9]+-)*[\w\u00a1-\uffff0-9]+)*(?:\.(?:[a-zA-Z\u00a1-\uffff]{2,})))(?::\d{2,5})?(?:\/[^\s]*)?$/)",get+projects,1,,,Indicates that the value of a string variable is always a URL. Represented as x is Url.,,avatar_url,GitLab Repository API
/projects&/projects&get&200():::EXIT,return.forks_count >= 0,daikon.inv.unary.scalar.LowerBound,(return.forks_count),pm.expect(return_forks_count).to.be.at.least(0),get+projects,1,,,"Represents the invariant x >= c, where c is a constant and x is a long scalar.",,forks_count,GitLab Repository API
/projects&/projects&get&200():::EXIT,return.star_count >= 0,daikon.inv.unary.scalar.LowerBound,(return.star_count),pm.expect(return_star_count).to.be.at.least(0),get+projects,1,,,"Represents the invariant x >= c, where c is a constant and x is a long scalar.",,star_count,GitLab Repository API
/projects&/projects&get&200():::EXIT,LENGTH(return.runners_token)==29,daikon.inv.unary.string.FixedLengthString,(return.runners_token),pm.expect(return_runners_token).to.have.length(29),get+projects,1,,,Indicates that the value of a string variable always has a fixed length n. Represented as LENGTH(x)==n.,,runners_token,GitLab Repository API
/projects&/projects&get&200():::EXIT,"return.merge_method one of { ""ff"", ""merge"", ""rebase_merge"" }",daikon.inv.unary.string.OneOfString,(return.merge_method),"pm.expect([""ff"", ""merge"", ""rebase_merge""].includes(return_merge_method)).to.be.true",get+projects,1,,,"Represents String variables that take on only a few distinct values. Prints as either x == c (when there is only one value) or as x one of {c1, c2, c3} (when there are multiple values).",,merge_method,GitLab Repository API
/projects&/projects&get&200():::EXIT,"return.auto_devops_deploy_strategy one of { ""continuous"", ""manual"", ""timed_incremental"" }",daikon.inv.unary.string.OneOfString,(return.auto_devops_deploy_strategy),"pm.expect([""continuous"", ""manual"", ""timed_incremental""].includes(return_auto_devops_deploy_strategy)).to.be.true",get+projects,1,,,"Represents String variables that take on only a few distinct values. Prints as either x == c (when there is only one value) or as x one of {c1, c2, c3} (when there are multiple values).",,auto_devops_deploy_strategy,GitLab Repository API
/projects&/projects&get&200():::EXIT,"return.repository_storage == ""default""",daikon.inv.unary.string.OneOfString,(return.repository_storage),"pm.expect([""default""].includes(return_repository_storage)).to.be.true",get+projects,1,,,"Represents String variables that take on only a few distinct values. Prints as either x == c (when there is only one value) or as x one of {c1, c2, c3} (when there are multiple values).",,repository_storage,GitLab Repository API
/projects&/projects&get&200():::EXIT,LENGTH(return.repository_storage)==7,daikon.inv.unary.string.FixedLengthString,(return.repository_storage),pm.expect(return_repository_storage).to.have.length(7),get+projects,1,,,Indicates that the value of a string variable always has a fixed length n. Represented as LENGTH(x)==n.,,repository_storage,GitLab Repository API
/projects&/projects&get&200():::EXIT,return.statistics.commit_count >= 0,daikon.inv.unary.scalar.LowerBound,(return.statistics.commit_count),pm.expect(return_statistics_commit_count).to.be.at.least(0),get+projects,1,,,"Represents the invariant x >= c, where c is a constant and x is a long scalar.",,statistics.commit_count,GitLab Repository API
/projects&/projects&get&200():::EXIT,return.statistics.storage_size >= 0,daikon.inv.unary.scalar.LowerBound,(return.statistics.storage_size),pm.expect(return_statistics_storage_size).to.be.at.least(0),get+projects,1,,,"Represents the invariant x >= c, where c is a constant and x is a long scalar.",,statistics.storage_size,GitLab Repository API
/projects&/projects&get&200():::EXIT,return.statistics.repository_size >= 0,daikon.inv.unary.scalar.LowerBound,(return.statistics.repository_size),pm.expect(return_statistics_repository_size).to.be.at.least(0),get+projects,1,,,"Represents the invariant x >= c, where c is a constant and x is a long scalar.",,statistics.repository_size,GitLab Repository API
/projects&/projects&get&200():::EXIT,input.id_after < return.id,daikon.inv.binary.twoScalar.IntLessThan,"(input.id_after, return.id)",pm.expect(input_id_after).to.be.lessThan(return_id),get+projects,1,,,Represents an invariant of < between two long scalars. Prints as x < y.,,id,GitLab Repository API
/projects&/projects&get&200():::EXIT,input.id_before > return.id,daikon.inv.binary.twoScalar.IntGreaterThan,"(input.id_before, return.id)",pm.expect(input_id_before).to.be.greaterThan(return_id),get+projects,1,,,Represents an invariant of > between two long scalars. Prints as x > y.,,id,GitLab Repository API
/projects&/projects&get&200():::EXIT,return.id > return.star_count,daikon.inv.binary.twoScalar.IntGreaterThan,"(return.id, return.star_count)",pm.expect(return_id).to.be.greaterThan(return_star_count),get+projects,1,,,Represents an invariant of > between two long scalars. Prints as x > y.,,id,GitLab Repository API
/projects&/projects&get&200():::EXIT,return.id > size(return.tag_list[]),daikon.inv.binary.twoScalar.IntGreaterThan,"(return.id, size(return.tag_list[..]))",pm.expect(return_id).to.be.greaterThan(return_tag_list_size_array),get+projects,1,,,Represents an invariant of > between two long scalars. Prints as x > y.,,tag_list,GitLab Repository API
/projects&/projects&get&200():::EXIT,return.default_branch is a substring of return.readme_url,daikon.inv.binary.twoString.StdString$SubString,"(return.default_branch, return.readme_url)",pm.expect(return_readme_url.includes(return_default_branch)).to.be.true,get+projects,1,,,Represents the substring invariant between two String scalars. Prints as x is a substring of y.,,default_branch,GitLab Repository API
/projects&/projects&get&200():::EXIT,return.path_with_namespace is a substring of return.ssh_url_to_repo,daikon.inv.binary.twoString.StdString$SubString,"(return.ssh_url_to_repo, return.path_with_namespace)",pm.expect(return_ssh_url_to_repo.includes(return_path_with_namespace)).to.be.true,get+projects,1,,,Represents the substring invariant between two String scalars. Prints as x is a substring of y.,,path_with_namespace,GitLab Repository API
/projects&/projects&get&200():::EXIT,return.web_url is a substring of return.http_url_to_repo,daikon.inv.binary.twoString.StdString$SubString,"(return.http_url_to_repo, return.web_url)",pm.expect(return_http_url_to_repo.includes(return_web_url)).to.be.true,get+projects,1,,,Represents the substring invariant between two String scalars. Prints as x is a substring of y.,,web_url,GitLab Repository API
/projects&/projects&get&200():::EXIT,return.web_url is a substring of return.readme_url,daikon.inv.binary.twoString.StdString$SubString,"(return.web_url, return.readme_url)",pm.expect(return_readme_url.includes(return_web_url)).to.be.true,get+projects,1,,,Represents the substring invariant between two String scalars. Prints as x is a substring of y.,,web_url,GitLab Repository API
/projects&/projects&get&200():::EXIT,return.path_with_namespace is a substring of return.web_url,daikon.inv.binary.twoString.StdString$SubString,"(return.web_url, return.path_with_namespace)",pm.expect(return_web_url.includes(return_path_with_namespace)).to.be.true,get+projects,1,,,Represents the substring invariant between two String scalars. Prints as x is a substring of y.,,path_with_namespace,GitLab Repository API
/projects&/projects&get&200():::EXIT,return.owner.name is a substring of return.name_with_namespace,daikon.inv.binary.twoString.StdString$SubString,"(return.owner.name, return.name_with_namespace)",pm.expect(return_name_with_namespace.includes(return_owner_name)).to.be.true,get+projects,1,,,Represents the substring invariant between two String scalars. Prints as x is a substring of y.,,name_with_namespace,GitLab Repository API
/projects&/projects&get&200():::EXIT,return.name is a substring of return.name_with_namespace,daikon.inv.binary.twoString.StdString$SubString,"(return.name, return.name_with_namespace)",pm.expect(return_name_with_namespace.includes(return_name)).to.be.true,get+projects,1,,,Represents the substring invariant between two String scalars. Prints as x is a substring of y.,,name_with_namespace,GitLab Repository API
/projects&/projects&get&200():::EXIT,return.namespace.name is a substring of return.name_with_namespace,daikon.inv.binary.twoString.StdString$SubString,"(return.name_with_namespace, return.namespace.name)",pm.expect(return_name_with_namespace.includes(return_namespace_name)).to.be.true,get+projects,1,,,Represents the substring invariant between two String scalars. Prints as x is a substring of y.,,name_with_namespace,GitLab Repository API
/projects&/projects&get&200():::EXIT,return.path is a substring of return.path_with_namespace,daikon.inv.binary.twoString.StdString$SubString,"(return.path, return.path_with_namespace)",pm.expect(return_path_with_namespace.includes(return_path)).to.be.true,get+projects,1,,,Represents the substring invariant between two String scalars. Prints as x is a substring of y.,,path_with_namespace,GitLab Repository API
/projects&/projects&get&200():::EXIT,return.namespace.full_path is a substring of return.path_with_namespace,daikon.inv.binary.twoString.StdString$SubString,"(return.path_with_namespace, return.namespace.full_path)",pm.expect(return_path_with_namespace.includes(return_namespace_full_path)).to.be.true,get+projects,1,,,Represents the substring invariant between two String scalars. Prints as x is a substring of y.,,path_with_namespace,GitLab Repository API
/projects&/projects&get&200():::EXIT,return.namespace.path is a substring of return.namespace.full_path,daikon.inv.binary.twoString.StdString$SubString,"(return.namespace.path, return.namespace.full_path)",pm.expect(return_namespace_full_path.includes(return_namespace_path)).to.be.true,get+projects,1,,,Represents the substring invariant between two String scalars. Prints as x is a substring of y.,,namespace.path,GitLab Repository API
/projects&/projects&get&200():::EXIT,return.statistics.storage_size >= return.statistics.repository_size,daikon.inv.binary.twoScalar.IntGreaterEqual,"(return.statistics.storage_size, return.statistics.repository_size)",pm.expect(return_statistics_storage_size).to.be.at.least(return_statistics_repository_size),get+projects,1,,,Represents an invariant of >= between two long scalars. Prints as x >= y.,,statistics.storage_size,GitLab Repository API
/projects&/projects&get&200():::EXIT,return.statistics.storage_size >= return.statistics.wiki_size,daikon.inv.binary.twoScalar.IntGreaterEqual,"(return.statistics.storage_size, return.statistics.wiki_size)",pm.expect(return_statistics_storage_size).to.be.at.least(return_statistics_wiki_size),get+projects,1,,,Represents an invariant of >= between two long scalars. Prints as x >= y.,,statistics.storage_size,GitLab Repository API
/projects&/projects&get&200():::EXIT,return.statistics.storage_size >= return.statistics.lfs_objects_size,daikon.inv.binary.twoScalar.IntGreaterEqual,"(return.statistics.storage_size, return.statistics.lfs_objects_size)",pm.expect(return_statistics_storage_size).to.be.at.least(return_statistics_lfs_objects_size),get+projects,1,,,Represents an invariant of >= between two long scalars. Prints as x >= y.,,statistics.storage_size,GitLab Repository API
/projects&/projects&get&200():::EXIT,return.statistics.repository_size >= return.statistics.lfs_objects_size,daikon.inv.binary.twoScalar.IntGreaterEqual,"(return.statistics.repository_size, return.statistics.lfs_objects_size)",pm.expect(return_statistics_repository_size).to.be.at.least(return_statistics_lfs_objects_size),get+projects,1,,,Represents an invariant of >= between two long scalars. Prints as x >= y.,,statistics.repository_size,GitLab Repository API
/projects&/projects&get&200():::EXIT,return._links.self is a substring of return._links.issues,daikon.inv.binary.twoString.StdString$SubString,"(return._links.self, return._links.issues)",pm.expect(return__links_issues.includes(return__links_self)).to.be.true,get+projects,1,,,Represents the substring invariant between two String scalars. Prints as x is a substring of y.,,_links.self,GitLab Repository API
/projects&/projects&get&200():::EXIT,return._links.self is a substring of return._links.merge_requests,daikon.inv.binary.twoString.StdString$SubString,"(return._links.self, return._links.merge_requests)",pm.expect(return__links_merge_requests.includes(return__links_self)).to.be.true,get+projects,1,,,Represents the substring invariant between two String scalars. Prints as x is a substring of y.,,_links.self,GitLab Repository API
/projects&/projects&get&200():::EXIT,return._links.self is a substring of return._links.repo_branches,daikon.inv.binary.twoString.StdString$SubString,"(return._links.self, return._links.repo_branches)",pm.expect(return__links_repo_branches.includes(return__links_self)).to.be.true,get+projects,1,,,Represents the substring invariant between two String scalars. Prints as x is a substring of y.,,_links.self,GitLab Repository API
/projects&/projects&get&200():::EXIT,return._links.self is a substring of return._links.labels,daikon.inv.binary.twoString.StdString$SubString,"(return._links.self, return._links.labels)",pm.expect(return__links_labels.includes(return__links_self)).to.be.true,get+projects,1,,,Represents the substring invariant between two String scalars. Prints as x is a substring of y.,,_links.self,GitLab Repository API
/projects&/projects&get&200():::EXIT,return._links.self is a substring of return._links.events,daikon.inv.binary.twoString.StdString$SubString,"(return._links.self, return._links.events)",pm.expect(return__links_events.includes(return__links_self)).to.be.true,get+projects,1,,,Represents the substring invariant between two String scalars. Prints as x is a substring of y.,,_links.self,GitLab Repository API
/projects&/projects&get&200():::EXIT,return._links.self is a substring of return._links.members,daikon.inv.binary.twoString.StdString$SubString,"(return._links.self, return._links.members)",pm.expect(return__links_members.includes(return__links_self)).to.be.true,get+projects,1,,,Represents the substring invariant between two String scalars. Prints as x is a substring of y.,,_links.self,GitLab Repository API
/projects&/projects&post&201():::EXIT,input.allow_merge_on_skipped_pipeline == return.allow_merge_on_skipped_pipeline,daikon.inv.binary.twoScalar.IntEqual,"(input.allow_merge_on_skipped_pipeline, return.allow_merge_on_skipped_pipeline)",pm.expect(input_allow_merge_on_skipped_pipeline).to.eql(return_allow_merge_on_skipped_pipeline),post+projects,1,,,Represents an invariant of == between two long scalars. Prints as x == y.,,allow_merge_on_skipped_pipeline,GitLab Repository API
/projects&/projects&post&201():::EXIT,input.auto_devops_deploy_strategy == return.auto_devops_deploy_strategy,daikon.inv.binary.twoString.StringEqual,"(input.auto_devops_deploy_strategy, return.auto_devops_deploy_strategy)",pm.expect(input_auto_devops_deploy_strategy).to.eql(return_auto_devops_deploy_strategy),post+projects,1,,,Represents an invariant of == between two String scalars. Prints as x == y.,,auto_devops_deploy_strategy,GitLab Repository API
/projects&/projects&post&201():::EXIT,input.auto_devops_enabled == return.auto_devops_enabled,daikon.inv.binary.twoScalar.IntEqual,"(input.auto_devops_enabled, return.auto_devops_enabled)",pm.expect(input_auto_devops_enabled).to.eql(return_auto_devops_enabled),post+projects,1,,,Represents an invariant of == between two long scalars. Prints as x == y.,,auto_devops_enabled,GitLab Repository API
/projects&/projects&post&201():::EXIT,input.autoclose_referenced_issues == return.autoclose_referenced_issues,daikon.inv.binary.twoScalar.IntEqual,"(input.autoclose_referenced_issues, return.autoclose_referenced_issues)",pm.expect(input_autoclose_referenced_issues).to.eql(return_autoclose_referenced_issues),post+projects,1,,,Represents an invariant of == between two long scalars. Prints as x == y.,,autoclose_referenced_issues,GitLab Repository API
/projects&/projects&post&201():::EXIT,input.container_registry_enabled == return.container_registry_enabled,daikon.inv.binary.twoScalar.IntEqual,"(input.container_registry_enabled, return.container_registry_enabled)",pm.expect(input_container_registry_enabled).to.eql(return_container_registry_enabled),post+projects,1,,,Represents an invariant of == between two long scalars. Prints as x == y.,,container_registry_enabled,GitLab Repository API
/projects&/projects&post&201():::EXIT,input.description == return.description,daikon.inv.binary.twoString.StringEqual,"(input.description, return.description)",pm.expect(input_description).to.eql(return_description),post+projects,1,,,Represents an invariant of == between two String scalars. Prints as x == y.,,description,GitLab Repository API
/projects&/projects&post&201():::EXIT,input.merge_method == return.merge_method,daikon.inv.binary.twoString.StringEqual,"(input.merge_method, return.merge_method)",pm.expect(input_merge_method).to.eql(return_merge_method),post+projects,1,,,Represents an invariant of == between two String scalars. Prints as x == y.,,merge_method,GitLab Repository API
/projects&/projects&post&201():::EXIT,input.name == return.name,daikon.inv.binary.twoString.StringEqual,"(input.name, return.name)",pm.expect(input_name).to.eql(return_name),post+projects,1,,,Represents an invariant of == between two String scalars. Prints as x == y.,,name,GitLab Repository API
/projects&/projects&post&201():::EXIT,input.namespace_id == return.namespace.id,daikon.inv.binary.twoScalar.IntEqual,"(input.namespace_id, return.namespace.id)",pm.expect(input_namespace_id).to.eql(return_namespace_id),post+projects,1,,,Represents an invariant of == between two long scalars. Prints as x == y.,,namespace.id,GitLab Repository API
/projects&/projects&post&201():::EXIT,input.only_allow_merge_if_all_discussions_are_resolved == return.only_allow_merge_if_all_discussions_are_resolved,daikon.inv.binary.twoScalar.IntEqual,"(input.only_allow_merge_if_all_discussions_are_resolved, return.only_allow_merge_if_all_discussions_are_resolved)",pm.expect(input_only_allow_merge_if_all_discussions_are_resolved).to.eql(return_only_allow_merge_if_all_discussions_are_resolved),post+projects,1,,,Represents an invariant of == between two long scalars. Prints as x == y.,,only_allow_merge_if_all_discussions_are_resolved,GitLab Repository API
/projects&/projects&post&201():::EXIT,input.only_allow_merge_if_pipeline_succeeds == return.only_allow_merge_if_pipeline_succeeds,daikon.inv.binary.twoScalar.IntEqual,"(input.only_allow_merge_if_pipeline_succeeds, return.only_allow_merge_if_pipeline_succeeds)",pm.expect(input_only_allow_merge_if_pipeline_succeeds).to.eql(return_only_allow_merge_if_pipeline_succeeds),post+projects,1,,,Represents an invariant of == between two long scalars. Prints as x == y.,,only_allow_merge_if_pipeline_succeeds,GitLab Repository API
/projects&/projects&post&201():::EXIT,input.packages_enabled == return.packages_enabled,daikon.inv.binary.twoScalar.IntEqual,"(input.packages_enabled, return.packages_enabled)",pm.expect(input_packages_enabled).to.eql(return_packages_enabled),post+projects,1,,,Represents an invariant of == between two long scalars. Prints as x == y.,,packages_enabled,GitLab Repository API
/projects&/projects&post&201():::EXIT,input.path == return.path,daikon.inv.binary.twoString.StringEqual,"(input.path, return.path)",pm.expect(input_path).to.eql(return_path),post+projects,1,,,Represents an invariant of == between two String scalars. Prints as x == y.,,path,GitLab Repository API
/projects&/projects&post&201():::EXIT,input.public_builds == return.public_jobs,daikon.inv.binary.twoScalar.IntEqual,"(input.public_builds, return.public_jobs)",pm.expect(input_public_builds).to.eql(return_public_jobs),post+projects,1,,,Represents an invariant of == between two long scalars. Prints as x == y.,,public_jobs,GitLab Repository API
/projects&/projects&post&201():::EXIT,input.remove_source_branch_after_merge == return.remove_source_branch_after_merge,daikon.inv.binary.twoScalar.IntEqual,"(input.remove_source_branch_after_merge, return.remove_source_branch_after_merge)",pm.expect(input_remove_source_branch_after_merge).to.eql(return_remove_source_branch_after_merge),post+projects,1,,,Represents an invariant of == between two long scalars. Prints as x == y.,,remove_source_branch_after_merge,GitLab Repository API
/projects&/projects&post&201():::EXIT,input.repository_storage == return.repository_storage,daikon.inv.binary.twoString.StringEqual,"(input.repository_storage, return.repository_storage)",pm.expect(input_repository_storage).to.eql(return_repository_storage),post+projects,1,,,Represents an invariant of == between two String scalars. Prints as x == y.,,repository_storage,GitLab Repository API
/projects&/projects&post&201():::EXIT,input.request_access_enabled == return.request_access_enabled,daikon.inv.binary.twoScalar.IntEqual,"(input.request_access_enabled, return.request_access_enabled)",pm.expect(input_request_access_enabled).to.eql(return_request_access_enabled),post+projects,1,,,Represents an invariant of == between two long scalars. Prints as x == y.,,request_access_enabled,GitLab Repository API
/projects&/projects&post&201():::EXIT,input.resolve_outdated_diff_discussions == return.resolve_outdated_diff_discussions,daikon.inv.binary.twoScalar.IntEqual,"(input.resolve_outdated_diff_discussions, return.resolve_outdated_diff_discussions)",pm.expect(input_resolve_outdated_diff_discussions).to.eql(return_resolve_outdated_diff_discussions),post+projects,1,,,Represents an invariant of == between two long scalars. Prints as x == y.,,resolve_outdated_diff_discussions,GitLab Repository API
/projects&/projects&post&201():::EXIT,input.shared_runners_enabled == return.shared_runners_enabled,daikon.inv.binary.twoScalar.IntEqual,"(input.shared_runners_enabled, return.shared_runners_enabled)",pm.expect(input_shared_runners_enabled).to.eql(return_shared_runners_enabled),post+projects,1,,,Represents an invariant of == between two long scalars. Prints as x == y.,,shared_runners_enabled,GitLab Repository API
/projects&/projects&post&201():::EXIT,input.visibility == return.visibility,daikon.inv.binary.twoString.StringEqual,"(input.visibility, return.visibility)",pm.expect(input_visibility).to.eql(return_visibility),post+projects,1,,,Represents an invariant of == between two String scalars. Prints as x == y.,,visibility,GitLab Repository API
/projects&/projects&post&201():::EXIT,return.owner.id == return.creator_id,daikon.inv.binary.twoScalar.IntEqual,"(return.owner.id, return.creator_id)",pm.expect(return_owner_id).to.eql(return_creator_id),post+projects,1,,,Represents an invariant of == between two long scalars. Prints as x == y.,,owner.id,GitLab Repository API
/projects&/projects&post&201():::EXIT,return.owner.name == return.namespace.name,daikon.inv.binary.twoString.StringEqual,"(return.owner.name, return.namespace.name)",pm.expect(return_owner_name).to.eql(return_namespace_name),post+projects,1,,,Represents an invariant of == between two String scalars. Prints as x == y.,,owner.name,GitLab Repository API
/projects&/projects&post&201():::EXIT,return.open_issues_count == return.forks_count,daikon.inv.binary.twoScalar.IntEqual,"(return.open_issues_count, return.forks_count)",pm.expect(return_open_issues_count).to.eql(return_forks_count),post+projects,1,,,Represents an invariant of == between two long scalars. Prints as x == y.,,open_issues_count,GitLab Repository API
/projects&/projects&post&201():::EXIT,return.archived == return.service_desk_enabled,daikon.inv.binary.twoScalar.IntEqual,"(return.archived, return.service_desk_enabled)",pm.expect(return_archived).to.eql(return_service_desk_enabled),post+projects,1,,,Represents an invariant of == between two long scalars. Prints as x == y.,,archived,GitLab Repository API
/projects&/projects&post&201():::EXIT,return.forks_count == return.star_count,daikon.inv.binary.twoScalar.IntEqual,"(return.forks_count, return.star_count)",pm.expect(return_forks_count).to.eql(return_star_count),post+projects,1,,,Represents an invariant of == between two long scalars. Prints as x == y.,,forks_count,GitLab Repository API
/projects&/projects&post&201():::EXIT,return.forks_count == size(return.shared_with_groups[]),daikon.inv.binary.twoScalar.IntEqual,"(return.forks_count, size(return.shared_with_groups[..]))",pm.expect(return_forks_count).to.eql(return_shared_with_groups_size_array),post+projects,1,,,Represents an invariant of == between two long scalars. Prints as x == y.,,forks_count,GitLab Repository API
/projects&/projects&post&201():::EXIT,return.forks_count == size(return.shared_with_groups[]),daikon.inv.binary.twoScalar.IntEqual,"(return.forks_count, size(return.shared_with_groups[..]))",pm.expect(return_forks_count).to.eql(return_shared_with_groups_size_array),post+projects,1,,,Represents an invariant of == between two long scalars. Prints as x == y.,,forks_count,GitLab Repository API
/projects&/projects&post&201():::EXIT,size(input.tag_list[]) == size(return.tag_list[]),daikon.inv.binary.twoScalar.IntEqual,"(size(input.tag_list[..]), size(return.tag_list[..]))",pm.expect(input_tag_list_size_array).to.eql(return_tag_list_size_array),post+projects,1,,,Represents an invariant of == between two long scalars. Prints as x == y.,,tag_list,GitLab Repository API
/projects&/projects&post&201():::EXIT,"return.visibility one of { ""internal"", ""private"", ""public"" }",daikon.inv.unary.string.OneOfString,(return.visibility),"pm.expect([""internal"", ""private"", ""public""].includes(return_visibility)).to.be.true",post+projects,1,,,"Represents String variables that take on only a few distinct values. Prints as either x == c (when there is only one value) or as x one of {c1, c2, c3} (when there are multiple values).",,visibility,GitLab Repository API
/projects&/projects&post&201():::EXIT,LENGTH(return.created_at)==24,daikon.inv.unary.string.FixedLengthString,(return.created_at),pm.expect(return_created_at).to.have.length(24),post+projects,1,,,Indicates that the value of a string variable always has a fixed length n. Represented as LENGTH(x)==n.,,created_at,GitLab Repository API
/projects&/projects&post&201():::EXIT,return.created_at is Timestamp. Format: YYYY-MM-DDTHH:MM:SS.mmZ (Miliseconds are optional),daikon.inv.unary.string.dates.IsTimestampYYYYMMHHThhmmssmm,(return.created_at),"pm.expect(return_created_at).to.match(/^[0-9]{4}-((0[13578]|1[02])-(0[1-9]|[12][0-9]|3[01])|(0[469]|11)-(0[1-9]|[12][0-9]|30)|(02)-(0[1-9]|[12][0-9]))T(0[0-9]|1[0-9]|2[0-3]):(0[0-9]|[1-5][0-9]):(0[0-9]|[1-5][0-9])(\.[0-9]{3}){0,1}(Z|(-|\+)(0[0-9]|1[0-9]|2[0-3]):[0-5][0-9])$/)",post+projects,1,,,Indicates that the value of a string variable is always a timestamp. Represented as x is Timestamp. Format: YYYY-MM-DDTHH:MM:SS.mmZ (Miliseconds are optional).,,created_at,GitLab Repository API
/projects&/projects&post&201():::EXIT,LENGTH(return.last_activity_at)==24,daikon.inv.unary.string.FixedLengthString,(return.last_activity_at),pm.expect(return_last_activity_at).to.have.length(24),post+projects,1,,,Indicates that the value of a string variable always has a fixed length n. Represented as LENGTH(x)==n.,,last_activity_at,GitLab Repository API
/projects&/projects&post&201():::EXIT,return.last_activity_at is Timestamp. Format: YYYY-MM-DDTHH:MM:SS.mmZ (Miliseconds are optional),daikon.inv.unary.string.dates.IsTimestampYYYYMMHHThhmmssmm,(return.last_activity_at),"pm.expect(return_last_activity_at).to.match(/^[0-9]{4}-((0[13578]|1[02])-(0[1-9]|[12][0-9]|3[01])|(0[469]|11)-(0[1-9]|[12][0-9]|30)|(02)-(0[1-9]|[12][0-9]))T(0[0-9]|1[0-9]|2[0-3]):(0[0-9]|[1-5][0-9]):(0[0-9]|[1-5][0-9])(\.[0-9]{3}){0,1}(Z|(-|\+)(0[0-9]|1[0-9]|2[0-3]):[0-5][0-9])$/)",post+projects,1,,,Indicates that the value of a string variable is always a timestamp. Represented as x is Timestamp. Format: YYYY-MM-DDTHH:MM:SS.mmZ (Miliseconds are optional).,,last_activity_at,GitLab Repository API
/projects&/projects&post&201():::EXIT,return.namespace.id >= 1,daikon.inv.unary.scalar.LowerBound,(return.namespace.id),pm.expect(return_namespace_id).to.be.at.least(1),post+projects,1,,,"Represents the invariant x >= c, where c is a constant and x is a long scalar.",,namespace.id,GitLab Repository API
/projects&/projects&post&201():::EXIT,"return.namespace.kind one of { ""group"", ""user"" }",daikon.inv.unary.string.OneOfString,(return.namespace.kind),"pm.expect([""group"", ""user""].includes(return_namespace_kind)).to.be.true",post+projects,1,,,"Represents String variables that take on only a few distinct values. Prints as either x == c (when there is only one value) or as x one of {c1, c2, c3} (when there are multiple values).",,namespace.kind,GitLab Repository API
/projects&/projects&post&201():::EXIT,"return.import_status == ""none""",daikon.inv.unary.string.OneOfString,(return.import_status),"pm.expect([""none""].includes(return_import_status)).to.be.true",post+projects,1,,,"Represents String variables that take on only a few distinct values. Prints as either x == c (when there is only one value) or as x one of {c1, c2, c3} (when there are multiple values).",,import_status,GitLab Repository API
/projects&/projects&post&201():::EXIT,LENGTH(return.import_status)==4,daikon.inv.unary.string.FixedLengthString,(return.import_status),pm.expect(return_import_status).to.have.length(4),post+projects,1,,,Indicates that the value of a string variable always has a fixed length n. Represented as LENGTH(x)==n.,,import_status,GitLab Repository API
/projects&/projects&post&201():::EXIT,return.permissions == null,daikon.inv.unary.scalar.OneOfScalar,(return.permissions),pm.expect(return_permissions).to.be.null,post+projects,1,,,"Represents long variables that take on only a few distinct values. Prints as either x == c (when there is only one value) or as x one of {c1, c2, c3} (when there are multiple values).",,permissions,GitLab Repository API
/projects&/projects&post&201():::EXIT,return.permissions.project_access == null,daikon.inv.unary.scalar.OneOfScalar,(return.permissions.project_access),pm.expect(return_permissions_project_access).to.be.null,post+projects,1,,,"Represents long variables that take on only a few distinct values. Prints as either x == c (when there is only one value) or as x one of {c1, c2, c3} (when there are multiple values).",,permissions.project_access,GitLab Repository API
/projects&/projects&post&201():::EXIT,return.permissions.group_access == null,daikon.inv.unary.scalar.OneOfScalar,(return.permissions.group_access),pm.expect(return_permissions_group_access).to.be.null,post+projects,1,,,"Represents long variables that take on only a few distinct values. Prints as either x == c (when there is only one value) or as x one of {c1, c2, c3} (when there are multiple values).",,permissions.group_access,GitLab Repository API
/projects&/projects&post&201():::EXIT,return.archived == false,daikon.inv.unary.scalar.OneOfScalar,(return.archived),pm.expect(return_archived).to.eql(false),post+projects,1,,,"Represents long variables that take on only a few distinct values. Prints as either x == c (when there is only one value) or as x one of {c1, c2, c3} (when there are multiple values).",,archived,GitLab Repository API
/projects&/projects&post&201():::EXIT,LENGTH(return.runners_token)==29,daikon.inv.unary.string.FixedLengthString,(return.runners_token),pm.expect(return_runners_token).to.have.length(29),post+projects,1,,,Indicates that the value of a string variable always has a fixed length n. Represented as LENGTH(x)==n.,,runners_token,GitLab Repository API
/projects&/projects&post&201():::EXIT,return.ci_default_git_depth == 20,daikon.inv.unary.scalar.OneOfScalar,(return.ci_default_git_depth),pm.expect([20].includes(return_ci_default_git_depth)).to.be.true,post+projects,1,,,"Represents long variables that take on only a few distinct values. Prints as either x == c (when there is only one value) or as x one of {c1, c2, c3} (when there are multiple values).",,ci_default_git_depth,GitLab Repository API
/projects&/projects&post&201():::EXIT,return.ci_forward_deployment_enabled == true,daikon.inv.unary.scalar.OneOfScalar,(return.ci_forward_deployment_enabled),pm.expect(return_ci_forward_deployment_enabled).to.eql(true),post+projects,1,,,"Represents long variables that take on only a few distinct values. Prints as either x == c (when there is only one value) or as x one of {c1, c2, c3} (when there are multiple values).",,ci_forward_deployment_enabled,GitLab Repository API
/projects&/projects&post&201():::EXIT,return.shared_with_groups[] == [],daikon.inv.unary.sequence.OneOfSequence,(return.shared_with_groups[..]),pm.expect([[]].some(value => pm.expect(return_shared_with_groups_array).to.deep.equal(value).that)).to.be.true,post+projects,1,,,"Represents long[] variables that take on only a few distinct values. Prints as either x == c (when there is only one value) or as x one of {c1, c2, c3} (when there are multiple values).",,shared_with_groups,GitLab Repository API
/projects&/projects&post&201():::EXIT,"return.merge_method one of { ""ff"", ""merge"", ""rebase_merge"" }",daikon.inv.unary.string.OneOfString,(return.merge_method),"pm.expect([""ff"", ""merge"", ""rebase_merge""].includes(return_merge_method)).to.be.true",post+projects,1,,,"Represents String variables that take on only a few distinct values. Prints as either x == c (when there is only one value) or as x one of {c1, c2, c3} (when there are multiple values).",,merge_method,GitLab Repository API
/projects&/projects&post&201():::EXIT,"return.auto_devops_deploy_strategy one of { ""continuous"", ""manual"", ""timed_incremental"" }",daikon.inv.unary.string.OneOfString,(return.auto_devops_deploy_strategy),"pm.expect([""continuous"", ""manual"", ""timed_incremental""].includes(return_auto_devops_deploy_strategy)).to.be.true",post+projects,1,,,"Represents String variables that take on only a few distinct values. Prints as either x == c (when there is only one value) or as x one of {c1, c2, c3} (when there are multiple values).",,auto_devops_deploy_strategy,GitLab Repository API
/projects&/projects&post&201():::EXIT,"return.repository_storage == ""default""",daikon.inv.unary.string.OneOfString,(return.repository_storage),"pm.expect([""default""].includes(return_repository_storage)).to.be.true",post+projects,1,,,"Represents String variables that take on only a few distinct values. Prints as either x == c (when there is only one value) or as x one of {c1, c2, c3} (when there are multiple values).",,repository_storage,GitLab Repository API
/projects&/projects&post&201():::EXIT,LENGTH(return.repository_storage)==7,daikon.inv.unary.string.FixedLengthString,(return.repository_storage),pm.expect(return_repository_storage).to.have.length(7),post+projects,1,,,Indicates that the value of a string variable always has a fixed length n. Represented as LENGTH(x)==n.,,repository_storage,GitLab Repository API
/projects&/projects&post&201():::EXIT,return.statistics == null,daikon.inv.unary.scalar.OneOfScalar,(return.statistics),pm.expect(return_statistics).to.be.null,post+projects,1,,,"Represents long variables that take on only a few distinct values. Prints as either x == c (when there is only one value) or as x one of {c1, c2, c3} (when there are multiple values).",,statistics,GitLab Repository API
/projects&/projects&post&201():::EXIT,input.default_branch is a substring of return.readme_url,daikon.inv.binary.twoString.StdString$SubString,"(input.default_branch, return.readme_url)",pm.expect(return_readme_url.includes(input_default_branch)).to.be.true,post+projects,1,,,Represents the substring invariant between two String scalars. Prints as x is a substring of y.,,readme_url,GitLab Repository API
/projects&/projects&post&201():::EXIT,input.name is a substring of return.name_with_namespace,daikon.inv.binary.twoString.StdString$SubString,"(input.name, return.name_with_namespace)",pm.expect(return_name_with_namespace.includes(input_name)).to.be.true,post+projects,1,,,Represents the substring invariant between two String scalars. Prints as x is a substring of y.,,name_with_namespace,GitLab Repository API
/projects&/projects&post&201():::EXIT,input.path is a substring of return.path_with_namespace,daikon.inv.binary.twoString.StdString$SubString,"(input.path, return.path_with_namespace)",pm.expect(return_path_with_namespace.includes(input_path)).to.be.true,post+projects,1,,,Represents the substring invariant between two String scalars. Prints as x is a substring of y.,,path_with_namespace,GitLab Repository API
/projects&/projects&post&201():::EXIT,return.default_branch is a substring of return.readme_url,daikon.inv.binary.twoString.StdString$SubString,"(return.default_branch, return.readme_url)",pm.expect(return_readme_url.includes(return_default_branch)).to.be.true,post+projects,1,,,Represents the substring invariant between two String scalars. Prints as x is a substring of y.,,default_branch,GitLab Repository API
/projects&/projects&post&201():::EXIT,return.path_with_namespace is a substring of return.ssh_url_to_repo,daikon.inv.binary.twoString.StdString$SubString,"(return.ssh_url_to_repo, return.path_with_namespace)",pm.expect(return_ssh_url_to_repo.includes(return_path_with_namespace)).to.be.true,post+projects,1,,,Represents the substring invariant between two String scalars. Prints as x is a substring of y.,,path_with_namespace,GitLab Repository API
/projects&/projects&post&201():::EXIT,return.web_url is a substring of return.http_url_to_repo,daikon.inv.binary.twoString.StdString$SubString,"(return.http_url_to_repo, return.web_url)",pm.expect(return_http_url_to_repo.includes(return_web_url)).to.be.true,post+projects,1,,,Represents the substring invariant between two String scalars. Prints as x is a substring of y.,,web_url,GitLab Repository API
/projects&/projects&post&201():::EXIT,return.web_url is a substring of return.readme_url,daikon.inv.binary.twoString.StdString$SubString,"(return.web_url, return.readme_url)",pm.expect(return_readme_url.includes(return_web_url)).to.be.true,post+projects,1,,,Represents the substring invariant between two String scalars. Prints as x is a substring of y.,,web_url,GitLab Repository API
/projects&/projects&post&201():::EXIT,return.path_with_namespace is a substring of return.web_url,daikon.inv.binary.twoString.StdString$SubString,"(return.web_url, return.path_with_namespace)",pm.expect(return_web_url.includes(return_path_with_namespace)).to.be.true,post+projects,1,,,Represents the substring invariant between two String scalars. Prints as x is a substring of y.,,path_with_namespace,GitLab Repository API
/projects&/projects&post&201():::EXIT,return.owner.id <= return.namespace.id,daikon.inv.binary.twoScalar.IntLessEqual,"(return.owner.id, return.namespace.id)",pm.expect(return_owner_id).to.be.lte(return_namespace_id),post+projects,1,,,Represents an invariant of <= between two long scalars. Prints as x <= y.,,owner.id,GitLab Repository API
/projects&/projects&post&201():::EXIT,return.owner.name is a substring of return.name_with_namespace,daikon.inv.binary.twoString.StdString$SubString,"(return.owner.name, return.name_with_namespace)",pm.expect(return_name_with_namespace.includes(return_owner_name)).to.be.true,post+projects,1,,,Represents the substring invariant between two String scalars. Prints as x is a substring of y.,,name_with_namespace,GitLab Repository API
/projects&/projects&post&201():::EXIT,return.name is a substring of return.name_with_namespace,daikon.inv.binary.twoString.StdString$SubString,"(return.name, return.name_with_namespace)",pm.expect(return_name_with_namespace.includes(return_name)).to.be.true,post+projects,1,,,Represents the substring invariant between two String scalars. Prints as x is a substring of y.,,name_with_namespace,GitLab Repository API
/projects&/projects&post&201():::EXIT,return.namespace.name is a substring of return.name_with_namespace,daikon.inv.binary.twoString.StdString$SubString,"(return.name_with_namespace, return.namespace.name)",pm.expect(return_name_with_namespace.includes(return_namespace_name)).to.be.true,post+projects,1,,,Represents the substring invariant between two String scalars. Prints as x is a substring of y.,,name_with_namespace,GitLab Repository API
/projects&/projects&post&201():::EXIT,return.path is a substring of return.path_with_namespace,daikon.inv.binary.twoString.StdString$SubString,"(return.path, return.path_with_namespace)",pm.expect(return_path_with_namespace.includes(return_path)).to.be.true,post+projects,1,,,Represents the substring invariant between two String scalars. Prints as x is a substring of y.,,path_with_namespace,GitLab Repository API
/projects&/projects&post&201():::EXIT,return.namespace.full_path is a substring of return.path_with_namespace,daikon.inv.binary.twoString.StdString$SubString,"(return.path_with_namespace, return.namespace.full_path)",pm.expect(return_path_with_namespace.includes(return_namespace_full_path)).to.be.true,post+projects,1,,,Represents the substring invariant between two String scalars. Prints as x is a substring of y.,,path_with_namespace,GitLab Repository API
/projects&/projects&post&201():::EXIT,return.open_issues_count <= size(return.tag_list[]),daikon.inv.binary.twoScalar.IntLessEqual,"(return.open_issues_count, size(return.tag_list[..]))",pm.expect(return_open_issues_count).to.be.lte(return_tag_list_size_array),post+projects,1,,,Represents an invariant of <= between two long scalars. Prints as x <= y.,,tag_list,GitLab Repository API
/projects&/projects&post&201():::EXIT,return.creator_id <= return.namespace.id,daikon.inv.binary.twoScalar.IntLessEqual,"(return.creator_id, return.namespace.id)",pm.expect(return_creator_id).to.be.lte(return_namespace_id),post+projects,1,,,Represents an invariant of <= between two long scalars. Prints as x <= y.,,creator_id,GitLab Repository API
/projects&/projects&post&201():::EXIT,return.namespace.path is a substring of return.namespace.full_path,daikon.inv.binary.twoString.StdString$SubString,"(return.namespace.path, return.namespace.full_path)",pm.expect(return_namespace_full_path.includes(return_namespace_path)).to.be.true,post+projects,1,,,Represents the substring invariant between two String scalars. Prints as x is a substring of y.,,namespace.path,GitLab Repository API
/projects&/projects&post&201():::EXIT,return.forks_count <= size(return.tag_list[]),daikon.inv.binary.twoScalar.IntLessEqual,"(return.forks_count, size(return.tag_list[..]))",pm.expect(return_forks_count).to.be.lte(return_tag_list_size_array),post+projects,1,,,Represents an invariant of <= between two long scalars. Prints as x <= y.,,tag_list,GitLab Repository API
/projects&/projects&post&201():::EXIT,return._links.self is a substring of return._links.issues,daikon.inv.binary.twoString.StdString$SubString,"(return._links.self, return._links.issues)",pm.expect(return__links_issues.includes(return__links_self)).to.be.true,post+projects,1,,,Represents the substring invariant between two String scalars. Prints as x is a substring of y.,,_links.self,GitLab Repository API
/projects&/projects&post&201():::EXIT,return._links.self is a substring of return._links.merge_requests,daikon.inv.binary.twoString.StdString$SubString,"(return._links.self, return._links.merge_requests)",pm.expect(return__links_merge_requests.includes(return__links_self)).to.be.true,post+projects,1,,,Represents the substring invariant between two String scalars. Prints as x is a substring of y.,,_links.self,GitLab Repository API
/projects&/projects&post&201():::EXIT,return._links.self is a substring of return._links.repo_branches,daikon.inv.binary.twoString.StdString$SubString,"(return._links.self, return._links.repo_branches)",pm.expect(return__links_repo_branches.includes(return__links_self)).to.be.true,post+projects,1,,,Represents the substring invariant between two String scalars. Prints as x is a substring of y.,,_links.self,GitLab Repository API
/projects&/projects&post&201():::EXIT,return._links.self is a substring of return._links.labels,daikon.inv.binary.twoString.StdString$SubString,"(return._links.self, return._links.labels)",pm.expect(return__links_labels.includes(return__links_self)).to.be.true,post+projects,1,,,Represents the substring invariant between two String scalars. Prints as x is a substring of y.,,_links.self,GitLab Repository API
/projects&/projects&post&201():::EXIT,return._links.self is a substring of return._links.events,daikon.inv.binary.twoString.StdString$SubString,"(return._links.self, return._links.events)",pm.expect(return__links_events.includes(return__links_self)).to.be.true,post+projects,1,,,Represents the substring invariant between two String scalars. Prints as x is a substring of y.,,_links.self,GitLab Repository API
/projects&/projects&post&201():::EXIT,return._links.self is a substring of return._links.members,daikon.inv.binary.twoString.StdString$SubString,"(return._links.self, return._links.members)",pm.expect(return__links_members.includes(return__links_self)).to.be.true,post+projects,1,,,Represents the substring invariant between two String scalars. Prints as x is a substring of y.,,_links.self,GitLab Repository API
